Original list,Site,Name back,Note
Alisma_plantago.aquatica,CBS,Alisma_plantago-aquatica,Hyphen
Amianthium_muscaetoxicum,TALL,Amianthium_muscitoxicum,Typos
Amianthium_muscatoxicum,CWHL,Amianthium_muscitoxicum,Typos
Ampelopsis_brevipedunculata,HARV,Ampelopsis_delavayana,Syn.
Amphicarpa_bracteata,CWHL,Amphicarpaea_bracteata,Typos
Anemone_rivularis_var._flore.minore,DLS,Anemone_rivularis_var._flore-minore,Hyphen
Aphyllon_uniflorum,MLBS,Orobanche_uniflora,Syn.
Arabis_canadensis,CWHL,Boechera_canadensis,Syn.
Arabis_glabra,HARV,Turritis_glabra,Syn.
Arundinara_gigantea,TALL,Arundinaria_gigantea,Typos
Aster_acuminatus,HARV,Oclemena_acuminata,Syn.
Aster_cordifolius,HARV,Symphyotrichum_cordifolium,Syn.
Aster_lateriflorus,HARV,Symphyotrichum_lateriflorum,Syn.
Aster_linariifolius,HARV,Ionactis_linariifolia,Syn.
Aster_macrophyllus,HARV,Eurybia_macrophylla,Syn.
Aster_novae-angliae,HARV,Symphyotrichum_novae-angliae,Syn.
Aster_paternus,HARV,Sericocarpus_asteroides,Syn.
Aster_pilosus,HARV,Symphyotrichum_pilosum,Syn.
Aster_puniceus,HARV,Symphyotrichum_puniceum,Syn.
Aster_umbellatus,HARV,Doellingeria_umbellata,Syn.
Aster_undulatus,HARV,Symphyotrichum_undulatum,Syn.
Bidens_frondosus,HARV,Bidens_frondosa,Typos
Bidens_vulgatus,HARV,Bidens_vulgata,Typos
Brachyelytrum_erectun,CWHL,Brachyelytrum_erectum,Typos
Bromus_purqans,CWHL,Bromus_kalmii,Typos
Buchneria_floridana,TALL,Buchnera_floridana,Typos
Capsella_bursa.pastoris,CBS,Capsella_bursa-pastoris,Hyphen
Capsella_bursa.pastoris,DLS,Capsella_bursa-pastoris,Hyphen
Capsella_bursa.pastoris,GTS,Capsella_bursa-pastoris,Hyphen
Capsella_bursa.pastoris,TMS,Capsella_bursa-pastoris,Hyphen
Carex_atlantica_var._capillacea,HARV,Carex_atlantica_subsp._capillacea,Syn.
Carex_crinata,CWHL,Carex_crinita,Typos
Carex_Lurida,CWHL,Carex_lurida,Typos
Carex_pensylvanica,HARV,Carex_pensyLvanica,Typos
Carya_glabra_var._glabra,TALL,Carya_glabra,Syn.
Chimaphilia_maculata,CWHL,Chimaphila_maculata,Typos
Chrysosplenium_lectus.cochleae,CBS,Chrysosplenium_lectus-cochleae,Hyphen
Clintonia_umbellata,CWHL,Clintonia_umbellulata,Typos
Coeloglossum_viride,HARV,Dactylorhiza_viridis,Syn.
Coix_lacryma.jobi,GTS,Coix_lacryma-jobi,Hyphen
Coix_lacryma.jobi,TMS,Coix_lacryma-jobi,Hyphen
Convalaria_majalis,HARV,Convallaria_majalis,Typos
Conyza_canadensis,HARV,Erigeron_canadensis,Syn.
Conyza_canadensis,OSBS,Erigeron_canadensis,Syn.
Cornus_florida_L._,CWHL,Cornus_florida,Typos
Danthonia_sericea_var._sericea,CWHL,Danthonia_sericea,Syn.
Desmodium_nudiflorun,CWHL,Desmodium_nudiflorum,Typos
Dichanthelium_aciculare_subsp._aciculare,OSBS,Dichanthelium_aciculare,Syn.
Dichanthelium_aciculare_subsp._angustifolium,OSBS,Dichanthelium_aciculare,Syn.
Dichanthelium_acuminatum_subsp._columbianum,HARV,Dichanthelium_acuminatum_subsp._acuminatum,Syn.
Dichanthelium_acuminatum_subsp._fasciculatum,HARV,Dichanthelium_acuminatum_subsp._acuminatum,Syn.
Dichanthelium_acuminatum_subsp._implicatum,HARV,Dichanthelium_acuminatum_subsp._acuminatum,Syn.
Dichanthelium_acuminatum_subsp._spretum,HARV,Dichanthelium_acuminatum_subsp._acuminatum,Syn.
Dichanthelium_chamaelonche_subsp._chamaelonche,OSBS,Dichanthelium_ensifolium,Syn.
Dichanthelium_clandestinum,HARV,Panicum_clandestinum,Typos
Dichanthelium_clandestinum,MLBS,Panicum_clandestinum,Typos
Dichanthelium_commutatum,MLBS,Panicum_commutatum,Syn.
Dichanthelium_commutatum_subsp._commutatum,OSBS,Panicum_commutatum,Syn.
Dichanthelium_commutatum_subsp._equilaterale,OSBS,Panicum_commutatum,Syn.
Dichanthelium_commutatum_subsp._joorii,OSBS,Panicum_commutatum,Syn.
Dichanthelium_dichotomum,HARV,Panicum_dichotomum,Syn.
Dichanthelium_dichotomum_subsp._lucidum,OSBS,Panicum_dichotomum,Syn.
Dichanthelium_ovale,OSBS,Panicum_ovale,Syn.
Dichanthelium_portoricense_subsp._patulum,OSBS,Dichanthelium_portoricense,Syn.
Dichanthelium_portoricense_subsp._portoricense,OSBS,Dichanthelium_portoricense,Syn.
Dichanthelium_tenue,OSBS,Panicum_dichotomum,Syn.
Dichanthelium_wrightianum,OSBS,Dichanthelium_acuminatum_subsp._acuminatum,Syn.
Echinochloa_colona,GTS,Echinochloa_colonum,Typos
Echinochloa_crus.galli,CBS,Echinochloa_crusgalli,Typos
Echinochloa_crus.galli,DLS,Echinochloa_crusgalli,Typos
Echinochloa_crus.galli,GTS,Echinochloa_crusgalli,Typos
Echinochloa_crus.galli,TMS,Echinochloa_crusgalli,Typos
Elymus_hysterix,HARV,Hystrix_patula,Syn.
Elymus_hystrix,MLBS,Hystrix_patula,Syn.
Erechtites_hieracifolia,CWHL,Erechtites_hieraciifolius,Typos
Erechtites_hieracifolia,TALL,Erechtites_hieraciifolius,Typos
Erechtites_hieraciifolia,HARV,Erechtites_hieraciifolius,Typos
Erechtites_hieraciifolius_var._hieraciifolius,OSBS,Erechtites_hieraciifolius,Syn.
Eryngium_yuccifolium_var._yuccifolium,TALL,Eryngium_yuccifolium,Syn.
Eupatorium_aromatic,CWHL,Eupatorium_aromaticum,Syn.
Euphorbia_corollata_var._zinniflora,CWHL,Euphorbia_pubentissima,Syn.
Fallopia_japonica,HARV,Reynoutria_japonica,Syn.
Gnaphalium_obtusifolium,HARV,Pseudognaphalium_obtusifolium,Syn.
Habenaria_ciliaris,CWHL,Platanthera_ciliaris,Syn.
Habenaria_clavellata,CWHL,Platanthera_clavellata,Syn.
Habenaria_flava_var._herbicola,CWHL,Platanthera_flava_var._herbiola,Syn.
Heterotheca_nervosa_var._nervosa,TALL,Pityopsis_graminifolia_var._latifolia,Syn.
Hieraceum_pratense,CWHL,Pilosella_caespitosa,Syn.
Hieraceum_venosum,CWHL,Hieracium_venosum,Typos
Hieracium_caespitosum,HARV,Pilosella_caespitosa,Typos
Hieracium_paniculatun,CWHL,Hieracium_paniculatum,Typos
Hydrangea_arborescent,CWHL,Hydrangea_arborescens,Typos
Hypopitys_monotropa,MLBS,Monotropa_hypopitys,Syn.
Hypopitys_monotropa,OSBS,Monotropa_hypopitys,Syn.
Hypoxis_hirsuta_var._hirsua,TALL,Hypoxis_hirsuta,Syn.
Ilex_cassine_var._cassine,OSBS,Ilex_cassine,Syn.
Ilex_opaca_var._opaca,TALL,Ilex_opaca,Syn.
Ilex_vomitorea,TALL,Ilex_vomitoria,Typos
Impatiens_noli.tangere,CBS,Impatiens_noli-tangere,Hyphen
Impatiens_noli.tangere,DLS,Impatiens_noli-tangere,Hyphen
Juniperis_virginiana,CWHL,Juniperus_virginiana,Typos
Larix_gmelinii_var._principis.rupprechtii,DLS,Larix_gmelinii_var._principis-rupprechtii,Hyphen
Ledum_groenlandicum,HARV,Ledum_palustre_subsp._groenlandicum,Syn.
Liatris_squarroea,CWHL,Liatris_squarrosa,Typos
Lilium_uperbum,CWHL,Lilium_superbum,Typos
Lobelia_siphititica,CWHL,Lobelia_siphilitica,Typos
Lyonia_ligustrina_var._ligustrina,MLBS,Lyonia_ligustrina,Syn.
Malva_cf._moschata,HARV,Malva_moschata,Syn.
Melilotus_alba,HARV,Melilotus_officinalis_subsp._alba,Syn.
Mentha_x_spicata,HARV,Mentha_spicata,Syn.
Microstigeun_vimineun,CWHL,Microstegium_vimineum,Typos
Monotropa_hypopithys,HARV,Monotropa_hypopitys,Typos
Nothoscordium_bivalve,TALL,Nothoscordum_bivalve,Typos
Opuntia_mesacantha_subsp._lata,OSBS,Opuntia_humifusa,Syn.
Orthillia_secunda,HARV,Orthilia_secunda,Typos
Panax_quinquefolium,CWHL,Panax_quinquefolius,Typos
Panicum_anceps,TALL,Panicum_anceps_var._anceps,Syn.
Panicum_anceps_subsp._rhizomatum,OSBS,Panicum_anceps_var._anceps,Syn.
Paspalum_setaceum_var._ciliatifolium,OSBS,Paspalum_setaceum,Syn.
Paspalum_setaceum_var._setaceum,OSBS,Paspalum_setaceum,Syn.
Pedicularis_canadensis_canadensis,HARV,Pedicularis_canadensis,Syn.
Pedicularis_sceptrum.carolinum,CBS,Pedicularis_sceptrum-carolinum,Hyphen
Peucedanum_harry.smithii,DLS,Peucedanum_harry-smithii,Hyphen
Phyrma_leptostachya,CWHL,Phryma_leptostachya,Typos
Piriqueta_cistoides_subsp._carolinana,OSBS,Piriqueta_cistoides_subsp._caroliniana,Typos
Platanthera_macrophylla,BART,Platanthera_orbiculata_var._macrophylla,Syn.
Platanus_occidentialis,CWHL,Platanus_occidentalis,Typos
Potamogeton_pusillus_var._tenuissimus,HARV,Potamogeton_berchtoldii,Syn.
Prunus_umbellulata,TALL,Prunus_umbellata,Typos
Pushkinia_libanotica,HARV,Puschkinia_scilloides,Syn.
Pyrus_x_soulardii,HARV,Malus_soulardii,Syn.
Quercus_falcata_var._falcata,TALL,Quercus_falcata,Syn.
Quercus_rubra_var._rubra,CWHL,Quercus_rubra,Syn.
Rhexia_mariana_var._mariana,TALL,Rhexia_mariana,Syn.
Rhexia_virginica_var._virginica,CWHL,Rhexia_virginica,Syn.
Rhexia_virginica_var._virginica,TALL,Rhexia_virginica,Syn.
Rhus_copallina,HARV,Rhus_copallinum,Typos
Rhynchospora_globularis_var._globularis,OSBS,Rhynchospora_globularis,Syn.
Rubus_alleghenieneis,CWHL,Rubus_allegheniensis,Typos
Rubus_flagillaris,CWHL,Rubus_flagellaris,Typos
Salix_humulis,MLBS,Salix_humilis,Typos
Schizachyrium_sanguineum_var._sanguineum,OSBS,Schizachyrium_sanguineum,Syn.
Schizachyrium_scoparium_var._scoparium,OSBS,Schizachyrium_scoparium,Syn.
Schrankia_microphylla,CWHL,Mimosa_quadrivalvis_var._angustata,Syn.
Scirpus_cyperinus_complex,HARV,Scirpus_cyperinus,Syn.
Scirpus_cyperinus_sensu_strictu,HARV,Scirpus_cyperinus,Syn.
Scleria_ciliata_var._ciliata,OSBS,Scleria_ciliata,Syn.
Scutellaria_incant,CWHL,Scutellaria_incana,Typos
Sideroxylon_lanuginosum_var._lanuginosum,TALL,Sideroxylon_lanuginosum,Syn.
Smilax_herbacea_var._herbacea,CWHL,Smilax_herbacea,Syn.
Solanum_nigrum,HARV,Solanum_americanum,Syn.
Sorghastrun_nutans,CWHL,Sorghastrum_nutans,Typos
Sphenopholis_obtustata_var._major,HARV,Sphenopholis_intermedia,Syn.
Spiraea_fritschiana_var._parvifolia,OSBS,Spiraea_japonica,Syn.
Spiranthes_gracilis_var._gracilis,CWHL,Spiranthes_gracilis,Syn.
Stipulicida_setacea_var._setacea,OSBS,Stipulicida_setacea,Syn.
Stylodon_carneum,OSBS,Verbena_carnea,Syn.
Taxodium_ascendens,OSBS,Taxodium_distichum_var._imbricatum,Syn.
Taxodium_ascendens,TALL,Taxodium_distichum_var._imbricatum,Syn.
Thalictrum_polygamum,CWHL,Thalictrum_pubescens,Syn.
Tovaria_virginiana,CWHL,Persicaria_virginiana,Syn.
Tradescantia_ohioensis,CWHL,Tradescantia_ohiensis,Typos
Tradescantia_ohioensis,TALL,Tradescantia_ohiensis,Typos
Tridens_flavus_var._flavus,CWHL,Tridens_flavus,Syn.
Trillium_erectum_var._erectum,CWHL,Trillium_erectum,Syn.
Trillium_erectum_var._vaseyi,CWHL,Trillium_vaseyi,Syn.
Triosteum_perfotiatum,CWHL,Triosteum_perfoliatum,Typos
Typha_latifola,TALL,Typha_latifolia,Typos
Uvularia_sessilifoZia,CWHL,Uvularia_sessilifolia,Typos
Vaccinium_corymbosum_X_myrsinites,OSBS,Vaccinium_myrsinites,Syn.
Vaccinium_vitis.idaea,CBS,Vaccinium_vitis-idaea,Hyphen
Vacciniun_stamineum,CWHL,Vaccinium_stamineum,Typos
Verbascum_thaspus,CWHL,Verbascum_thapsus,Typos
Vernonia_angustifolia_var._angustifolia,TALL,Vernonia_angustifolia,Syn.
Veronica_anagallis.aquatica,CBS,Veronica_anagallis-aquatica,Hyphen
Viburnum_acerifotium,CWHL,Viburnum_acerifolium,Typos
Viburnum_dentatum_var._lucidulum,HARV,Viburnum_dentatum_var._lucidum,Typos
Vicia_pseudo.orobus,CBS,Vicia_pseudo-orobus,Hyphen
Vicia_pseudo.orobus,DLS,Vicia_pseudo-orobus,Hyphen
Viola_brittoniana_var._brittoniana,TALL,Viola_pedatifida_subsp._brittoniana,Syn.
Viola_cf._mackloskeyi,HARV,Viola_macloskeyi,Syn.
Viola_papilionacea_var._priceana,CWHL,Viola_sororia,Syn.
Vitis_aestivalis_var._aestivalis,CWHL,Vitis_aestivalis,Syn.
Xyris_iridifolia,TALL,Xyris_laxifolia_var._iridifolia,Syn.
Brachyelytrum_aristatum,MLBS,Brachyelytrum_aristosum,Typos
Eubotrys_racemosa,OSBS,Leucothoe_racemosa,Syn.
Holcus_lantanus,CWHL,Holcus_lanatus,Typos
Aster_nemoralis,HARV,Oclemena_nemoralis,Syn.
Aster_novi-belgii,HARV,Symphyotrichum_novi-belgii,Syn.
Luzula_acuminata_var._carolinae,CWHL,Luzula_acuminata_subsp._carolinae,Syn.
Orbexilum_psoraloides,TALL,Psoralea_onobrychis,Syn.
Panicum_depauperatun,CWHL,Panicum_depauperatum,Typos
Rhynchospora_globulari,TALL,Rhynchospora_globularis,Typos
Rhynchospora_grayii,OSBS,Rhynchospora_grayi,Typos
Scleria_muelenbergii,OSBS,Scleria_muehlenbergii,Typos
Silphium_cormpositum,CWHL,Silphium_compositum,Typos
Robinia_pseudo-acacia,CWHL,Robinia_pseudoacacia,
